overall_alpha,beta,prop_sus,O_m,rae,lam
0.0001293,2.567753033,0.532068635,5.582604403,212.9423225,0.029382457
