overall_alpha,beta,prop_sus,O_m,rae,lam
0.000129300178925,2.5677530328504146,0.5320686350697421,8.747813208552248,212.9423224515856,0.029382456645097
